line,recipe_ref,ingredient_name,food_id,amount_g,status,reason
"2","","","","","skipped","missing_recipe_id_and_recipe_name"
"3","","","","","skipped","missing_recipe_id_and_recipe_name"
"4","","","","","skipped","missing_recipe_id_and_recipe_name"
"5","","","","","skipped","missing_recipe_id_and_recipe_name"
"6","","","","","skipped","missing_recipe_id_and_recipe_name"
"7","","","","","skipped","missing_recipe_id_and_recipe_name"
"8","","","","","skipped","missing_recipe_id_and_recipe_name"
"9","","","","","skipped","missing_recipe_id_and_recipe_name"
"10","","","","","skipped","missing_recipe_id_and_recipe_name"
"11","","","","","skipped","missing_recipe_id_and_recipe_name"
"12","","","","","skipped","missing_recipe_id_and_recipe_name"
"13","","","","","skipped","missing_recipe_id_and_recipe_name"
"14","","","","","skipped","missing_recipe_id_and_recipe_name"
"15","","","","","skipped","missing_recipe_id_and_recipe_name"
"16","","","","","skipped","missing_recipe_id_and_recipe_name"
"17","","","","","skipped","missing_recipe_id_and_recipe_name"
"18","","","","","skipped","missing_recipe_id_and_recipe_name"
"19","","","","","skipped","missing_recipe_id_and_recipe_name"
"20","","","","","skipped","missing_recipe_id_and_recipe_name"
"21","","","","","skipped","missing_recipe_id_and_recipe_name"
"22","","","","","skipped","missing_recipe_id_and_recipe_name"
"23","","","","","skipped","missing_recipe_id_and_recipe_name"
"24","","","","","skipped","missing_recipe_id_and_recipe_name"
"25","","","","","skipped","missing_recipe_id_and_recipe_name"
"26","","","","","skipped","missing_recipe_id_and_recipe_name"
"27","","","","","skipped","missing_recipe_id_and_recipe_name"
"28","","","","","skipped","missing_recipe_id_and_recipe_name"
"29","","","","","skipped","missing_recipe_id_and_recipe_name"
"30","","","","","skipped","missing_recipe_id_and_recipe_name"
"31","","","","","skipped","missing_recipe_id_and_recipe_name"
"32","","","","","skipped","missing_recipe_id_and_recipe_name"
"33","","","","","skipped","missing_recipe_id_and_recipe_name"
"34","","","","","skipped","missing_recipe_id_and_recipe_name"
"35","","","","","skipped","missing_recipe_id_and_recipe_name"
"36","","","","","skipped","missing_recipe_id_and_recipe_name"
"37","","","","","skipped","missing_recipe_id_and_recipe_name"
"38","","","","","skipped","missing_recipe_id_and_recipe_name"
"39","","","","","skipped","missing_recipe_id_and_recipe_name"
"40","","","","","skipped","missing_recipe_id_and_recipe_name"
"41","","","","","skipped","missing_recipe_id_and_recipe_name"
"42","","","","","skipped","missing_recipe_id_and_recipe_name"
"43","","","","","skipped","missing_recipe_id_and_recipe_name"
"44","","","","","skipped","missing_recipe_id_and_recipe_name"
"45","","","","","skipped","missing_recipe_id_and_recipe_name"
"46","","","","","skipped","missing_recipe_id_and_recipe_name"
"47","","","","","skipped","missing_recipe_id_and_recipe_name"
"48","","","","","skipped","missing_recipe_id_and_recipe_name"
"49","","","","","skipped","missing_recipe_id_and_recipe_name"
"50","","","","","skipped","missing_recipe_id_and_recipe_name"
"51","","","","","skipped","missing_recipe_id_and_recipe_name"
"52","","","","","skipped","missing_recipe_id_and_recipe_name"
"53","","","","","skipped","missing_recipe_id_and_recipe_name"
"54","","","","","skipped","missing_recipe_id_and_recipe_name"
"55","","","","","skipped","missing_recipe_id_and_recipe_name"
"56","","","","","skipped","missing_recipe_id_and_recipe_name"
"57","","","","","skipped","missing_recipe_id_and_recipe_name"
"58","","","","","skipped","missing_recipe_id_and_recipe_name"
"59","","","","","skipped","missing_recipe_id_and_recipe_name"
"60","","","","","skipped","missing_recipe_id_and_recipe_name"
"61","","","","","skipped","missing_recipe_id_and_recipe_name"
"62","","","","","skipped","missing_recipe_id_and_recipe_name"
"63","","","","","skipped","missing_recipe_id_and_recipe_name"
"64","","","","","skipped","missing_recipe_id_and_recipe_name"
"65","","","","","skipped","missing_recipe_id_and_recipe_name"
"66","","","","","skipped","missing_recipe_id_and_recipe_name"
"67","","","","","skipped","missing_recipe_id_and_recipe_name"
"68","","","","","skipped","missing_recipe_id_and_recipe_name"
"69","","","","","skipped","missing_recipe_id_and_recipe_name"
"70","","","","","skipped","missing_recipe_id_and_recipe_name"
"71","","","","","skipped","missing_recipe_id_and_recipe_name"
"72","","","","","skipped","missing_recipe_id_and_recipe_name"
"73","","","","","skipped","missing_recipe_id_and_recipe_name"
"74","","","","","skipped","missing_recipe_id_and_recipe_name"
"75","","","","","skipped","missing_recipe_id_and_recipe_name"
"76","","","","","skipped","missing_recipe_id_and_recipe_name"
"77","","","","","skipped","missing_recipe_id_and_recipe_name"
"78","","","","","skipped","missing_recipe_id_and_recipe_name"
"79","","","","","skipped","missing_recipe_id_and_recipe_name"
"80","","","","","skipped","missing_recipe_id_and_recipe_name"
"81","","","","","skipped","missing_recipe_id_and_recipe_name"
"82","","","","","skipped","missing_recipe_id_and_recipe_name"
"83","","","","","skipped","missing_recipe_id_and_recipe_name"
"84","","","","","skipped","missing_recipe_id_and_recipe_name"
"85","","","","","skipped","missing_recipe_id_and_recipe_name"
"86","","","","","skipped","missing_recipe_id_and_recipe_name"
"87","","","","","skipped","missing_recipe_id_and_recipe_name"
"88","","","","","skipped","missing_recipe_id_and_recipe_name"
"89","","","","","skipped","missing_recipe_id_and_recipe_name"
"90","","","","","skipped","missing_recipe_id_and_recipe_name"
"91","","","","","skipped","missing_recipe_id_and_recipe_name"
"92","","","","","skipped","missing_recipe_id_and_recipe_name"
"93","","","","","skipped","missing_recipe_id_and_recipe_name"
"94","","","","","skipped","missing_recipe_id_and_recipe_name"
"95","","","","","skipped","missing_recipe_id_and_recipe_name"
"96","","","","","skipped","missing_recipe_id_and_recipe_name"
"97","","","","","skipped","missing_recipe_id_and_recipe_name"
"98","","","","","skipped","missing_recipe_id_and_recipe_name"
"99","","","","","skipped","missing_recipe_id_and_recipe_name"
"100","","","","","skipped","missing_recipe_id_and_recipe_name"
"101","","","","","skipped","missing_recipe_id_and_recipe_name"
"102","","","","","skipped","missing_recipe_id_and_recipe_name"
"103","","","","","skipped","missing_recipe_id_and_recipe_name"
"104","","","","","skipped","missing_recipe_id_and_recipe_name"
"105","","","","","skipped","missing_recipe_id_and_recipe_name"
"106","","","","","skipped","missing_recipe_id_and_recipe_name"
"107","","","","","skipped","missing_recipe_id_and_recipe_name"
"108","","","","","skipped","missing_recipe_id_and_recipe_name"
"109","","","","","skipped","missing_recipe_id_and_recipe_name"
"110","","","","","skipped","missing_recipe_id_and_recipe_name"
"111","","","","","skipped","missing_recipe_id_and_recipe_name"
"112","","","","","skipped","missing_recipe_id_and_recipe_name"
"113","","","","","skipped","missing_recipe_id_and_recipe_name"
"114","","","","","skipped","missing_recipe_id_and_recipe_name"
"115","","","","","skipped","missing_recipe_id_and_recipe_name"
"116","","","","","skipped","missing_recipe_id_and_recipe_name"
"117","","","","","skipped","missing_recipe_id_and_recipe_name"
"118","","","","","skipped","missing_recipe_id_and_recipe_name"
"119","","","","","skipped","missing_recipe_id_and_recipe_name"
"120","","","","","skipped","missing_recipe_id_and_recipe_name"
"121","","","","","skipped","missing_recipe_id_and_recipe_name"
"122","","","","","skipped","missing_recipe_id_and_recipe_name"
"123","","","","","skipped","missing_recipe_id_and_recipe_name"
"124","","","","","skipped","missing_recipe_id_and_recipe_name"
"125","","","","","skipped","missing_recipe_id_and_recipe_name"
"126","","","","","skipped","missing_recipe_id_and_recipe_name"
"127","","","","","skipped","missing_recipe_id_and_recipe_name"
"128","","","","","skipped","missing_recipe_id_and_recipe_name"
"129","","","","","skipped","missing_recipe_id_and_recipe_name"
"130","","","","","skipped","missing_recipe_id_and_recipe_name"
"131","","","","","skipped","missing_recipe_id_and_recipe_name"
"132","","","","","skipped","missing_recipe_id_and_recipe_name"
"133","","","","","skipped","missing_recipe_id_and_recipe_name"
"134","","","","","skipped","missing_recipe_id_and_recipe_name"
"135","","","","","skipped","missing_recipe_id_and_recipe_name"
"136","","","","","skipped","missing_recipe_id_and_recipe_name"
"137","","","","","skipped","missing_recipe_id_and_recipe_name"
"138","","","","","skipped","missing_recipe_id_and_recipe_name"
"139","","","","","skipped","missing_recipe_id_and_recipe_name"
"140","","","","","skipped","missing_recipe_id_and_recipe_name"
"141","","","","","skipped","missing_recipe_id_and_recipe_name"
"142","","","","","skipped","missing_recipe_id_and_recipe_name"
"143","","","","","skipped","missing_recipe_id_and_recipe_name"
"144","","","","","skipped","missing_recipe_id_and_recipe_name"
"145","","","","","skipped","missing_recipe_id_and_recipe_name"
"146","","","","","skipped","missing_recipe_id_and_recipe_name"
"147","","","","","skipped","missing_recipe_id_and_recipe_name"
"148","","","","","skipped","missing_recipe_id_and_recipe_name"
"149","","","","","skipped","missing_recipe_id_and_recipe_name"
"150","","","","","skipped","missing_recipe_id_and_recipe_name"
"151","","","","","skipped","missing_recipe_id_and_recipe_name"
"152","","","","","skipped","missing_recipe_id_and_recipe_name"
"153","","","","","skipped","missing_recipe_id_and_recipe_name"
"154","","","","","skipped","missing_recipe_id_and_recipe_name"
"155","","","","","skipped","missing_recipe_id_and_recipe_name"
"156","","","","","skipped","missing_recipe_id_and_recipe_name"
"157","","","","","skipped","missing_recipe_id_and_recipe_name"
"158","","","","","skipped","missing_recipe_id_and_recipe_name"
"159","","","","","skipped","missing_recipe_id_and_recipe_name"
"160","","","","","skipped","missing_recipe_id_and_recipe_name"
"161","","","","","skipped","missing_recipe_id_and_recipe_name"
"162","","","","","skipped","missing_recipe_id_and_recipe_name"
"163","","","","","skipped","missing_recipe_id_and_recipe_name"
"164","","","","","skipped","missing_recipe_id_and_recipe_name"
"165","","","","","skipped","missing_recipe_id_and_recipe_name"
"166","","","","","skipped","missing_recipe_id_and_recipe_name"
"167","","","","","skipped","missing_recipe_id_and_recipe_name"
"168","","","","","skipped","missing_recipe_id_and_recipe_name"
"169","","","","","skipped","missing_recipe_id_and_recipe_name"
"170","","","","","skipped","missing_recipe_id_and_recipe_name"
"171","","","","","skipped","missing_recipe_id_and_recipe_name"
"172","","","","","skipped","missing_recipe_id_and_recipe_name"
"173","","","","","skipped","missing_recipe_id_and_recipe_name"
"174","","","","","skipped","missing_recipe_id_and_recipe_name"
"175","","","","","skipped","missing_recipe_id_and_recipe_name"
"176","","","","","skipped","missing_recipe_id_and_recipe_name"
"177","","","","","skipped","missing_recipe_id_and_recipe_name"
"178","","","","","skipped","missing_recipe_id_and_recipe_name"
"179","","","","","skipped","missing_recipe_id_and_recipe_name"
"180","","","","","skipped","missing_recipe_id_and_recipe_name"
"181","","","","","skipped","missing_recipe_id_and_recipe_name"
"182","","","","","skipped","missing_recipe_id_and_recipe_name"
"183","","","","","skipped","missing_recipe_id_and_recipe_name"
"184","","","","","skipped","missing_recipe_id_and_recipe_name"
"185","","","","","skipped","missing_recipe_id_and_recipe_name"
"186","","","","","skipped","missing_recipe_id_and_recipe_name"
"187","","","","","skipped","missing_recipe_id_and_recipe_name"
"188","","","","","skipped","missing_recipe_id_and_recipe_name"
"189","","","","","skipped","missing_recipe_id_and_recipe_name"
"190","","","","","skipped","missing_recipe_id_and_recipe_name"
"191","","","","","skipped","missing_recipe_id_and_recipe_name"
"192","","","","","skipped","missing_recipe_id_and_recipe_name"
"193","","","","","skipped","missing_recipe_id_and_recipe_name"
"194","","","","","skipped","missing_recipe_id_and_recipe_name"
"195","","","","","skipped","missing_recipe_id_and_recipe_name"
"196","","","","","skipped","missing_recipe_id_and_recipe_name"
"197","","","","","skipped","missing_recipe_id_and_recipe_name"
"198","","","","","skipped","missing_recipe_id_and_recipe_name"
"199","","","","","skipped","missing_recipe_id_and_recipe_name"
"200","","","","","skipped","missing_recipe_id_and_recipe_name"
"201","","","","","skipped","missing_recipe_id_and_recipe_name"
"202","","","","","skipped","missing_recipe_id_and_recipe_name"
"203","","","","","skipped","missing_recipe_id_and_recipe_name"
"204","","","","","skipped","missing_recipe_id_and_recipe_name"
"205","","","","","skipped","missing_recipe_id_and_recipe_name"
"206","","","","","skipped","missing_recipe_id_and_recipe_name"
"207","","","","","skipped","missing_recipe_id_and_recipe_name"
"208","","","","","skipped","missing_recipe_id_and_recipe_name"
"209","","","","","skipped","missing_recipe_id_and_recipe_name"
"210","","","","","skipped","missing_recipe_id_and_recipe_name"
"211","","","","","skipped","missing_recipe_id_and_recipe_name"
"212","","","","","skipped","missing_recipe_id_and_recipe_name"
"213","","","","","skipped","missing_recipe_id_and_recipe_name"
"214","","","","","skipped","missing_recipe_id_and_recipe_name"
"215","","","","","skipped","missing_recipe_id_and_recipe_name"
"216","","","","","skipped","missing_recipe_id_and_recipe_name"
"217","","","","","skipped","missing_recipe_id_and_recipe_name"
"218","","","","","skipped","missing_recipe_id_and_recipe_name"
"219","","","","","skipped","missing_recipe_id_and_recipe_name"
"220","","","","","skipped","missing_recipe_id_and_recipe_name"
"221","","","","","skipped","missing_recipe_id_and_recipe_name"
"222","","","","","skipped","missing_recipe_id_and_recipe_name"
"223","","","","","skipped","missing_recipe_id_and_recipe_name"
"224","","","","","skipped","missing_recipe_id_and_recipe_name"
"225","","","","","skipped","missing_recipe_id_and_recipe_name"
"226","","","","","skipped","missing_recipe_id_and_recipe_name"
"227","","","","","skipped","missing_recipe_id_and_recipe_name"
"228","","","","","skipped","missing_recipe_id_and_recipe_name"
"229","","","","","skipped","missing_recipe_id_and_recipe_name"
"230","","","","","skipped","missing_recipe_id_and_recipe_name"
"231","","","","","skipped","missing_recipe_id_and_recipe_name"
"232","","","","","skipped","missing_recipe_id_and_recipe_name"
"233","","","","","skipped","missing_recipe_id_and_recipe_name"
"234","","","","","skipped","missing_recipe_id_and_recipe_name"
"235","","","","","skipped","missing_recipe_id_and_recipe_name"
"236","","","","","skipped","missing_recipe_id_and_recipe_name"
"237","","","","","skipped","missing_recipe_id_and_recipe_name"
"238","","","","","skipped","missing_recipe_id_and_recipe_name"
"239","","","","","skipped","missing_recipe_id_and_recipe_name"
"240","","","","","skipped","missing_recipe_id_and_recipe_name"
"241","","","","","skipped","missing_recipe_id_and_recipe_name"
"242","","","","","skipped","missing_recipe_id_and_recipe_name"
"243","","","","","skipped","missing_recipe_id_and_recipe_name"
"244","","","","","skipped","missing_recipe_id_and_recipe_name"
"245","","","","","skipped","missing_recipe_id_and_recipe_name"
"246","","","","","skipped","missing_recipe_id_and_recipe_name"
"247","","","","","skipped","missing_recipe_id_and_recipe_name"
"248","","","","","skipped","missing_recipe_id_and_recipe_name"
"249","","","","","skipped","missing_recipe_id_and_recipe_name"
"250","","","","","skipped","missing_recipe_id_and_recipe_name"
"251","","","","","skipped","missing_recipe_id_and_recipe_name"
"252","","","","","skipped","missing_recipe_id_and_recipe_name"
"253","","","","","skipped","missing_recipe_id_and_recipe_name"
"254","","","","","skipped","missing_recipe_id_and_recipe_name"
"255","","","","","skipped","missing_recipe_id_and_recipe_name"
"256","","","","","skipped","missing_recipe_id_and_recipe_name"
"257","","","","","skipped","missing_recipe_id_and_recipe_name"
"258","","","","","skipped","missing_recipe_id_and_recipe_name"
"259","","","","","skipped","missing_recipe_id_and_recipe_name"
"260","","","","","skipped","missing_recipe_id_and_recipe_name"
"261","","","","","skipped","missing_recipe_id_and_recipe_name"
"262","","","","","skipped","missing_recipe_id_and_recipe_name"
"263","","","","","skipped","missing_recipe_id_and_recipe_name"
"264","","","","","skipped","missing_recipe_id_and_recipe_name"
"265","","","","","skipped","missing_recipe_id_and_recipe_name"
"266","","","","","skipped","missing_recipe_id_and_recipe_name"
"267","","","","","skipped","missing_recipe_id_and_recipe_name"
"268","","","","","skipped","missing_recipe_id_and_recipe_name"
"269","","","","","skipped","missing_recipe_id_and_recipe_name"
"270","","","","","skipped","missing_recipe_id_and_recipe_name"
"271","","","","","skipped","missing_recipe_id_and_recipe_name"
"272","","","","","skipped","missing_recipe_id_and_recipe_name"
"273","","","","","skipped","missing_recipe_id_and_recipe_name"
"274","","","","","skipped","missing_recipe_id_and_recipe_name"
"275","","","","","skipped","missing_recipe_id_and_recipe_name"
"276","","","","","skipped","missing_recipe_id_and_recipe_name"
"277","","","","","skipped","missing_recipe_id_and_recipe_name"
"278","","","","","skipped","missing_recipe_id_and_recipe_name"
"279","","","","","skipped","missing_recipe_id_and_recipe_name"
"280","","","","","skipped","missing_recipe_id_and_recipe_name"
"281","","","","","skipped","missing_recipe_id_and_recipe_name"
"282","","","","","skipped","missing_recipe_id_and_recipe_name"
"283","","","","","skipped","missing_recipe_id_and_recipe_name"
"284","","","","","skipped","missing_recipe_id_and_recipe_name"
"285","","","","","skipped","missing_recipe_id_and_recipe_name"
"286","","","","","skipped","missing_recipe_id_and_recipe_name"
"287","","","","","skipped","missing_recipe_id_and_recipe_name"
"288","","","","","skipped","missing_recipe_id_and_recipe_name"
"289","","","","","skipped","missing_recipe_id_and_recipe_name"
"290","","","","","skipped","missing_recipe_id_and_recipe_name"
"291","","","","","skipped","missing_recipe_id_and_recipe_name"
"292","","","","","skipped","missing_recipe_id_and_recipe_name"
"293","","","","","skipped","missing_recipe_id_and_recipe_name"
"294","","","","","skipped","missing_recipe_id_and_recipe_name"
"295","","","","","skipped","missing_recipe_id_and_recipe_name"
"296","","","","","skipped","missing_recipe_id_and_recipe_name"
"297","","","","","skipped","missing_recipe_id_and_recipe_name"
"298","","","","","skipped","missing_recipe_id_and_recipe_name"
"299","","","","","skipped","missing_recipe_id_and_recipe_name"
"300","","","","","skipped","missing_recipe_id_and_recipe_name"
"301","","","","","skipped","missing_recipe_id_and_recipe_name"
"302","","","","","skipped","missing_recipe_id_and_recipe_name"
"303","","","","","skipped","missing_recipe_id_and_recipe_name"
"304","","","","","skipped","missing_recipe_id_and_recipe_name"
"305","","","","","skipped","missing_recipe_id_and_recipe_name"
"306","","","","","skipped","missing_recipe_id_and_recipe_name"
"307","","","","","skipped","missing_recipe_id_and_recipe_name"
"308","","","","","skipped","missing_recipe_id_and_recipe_name"
"309","","","","","skipped","missing_recipe_id_and_recipe_name"
"310","","","","","skipped","missing_recipe_id_and_recipe_name"
"311","","","","","skipped","missing_recipe_id_and_recipe_name"
"312","","","","","skipped","missing_recipe_id_and_recipe_name"
"313","","","","","skipped","missing_recipe_id_and_recipe_name"
"314","","","","","skipped","missing_recipe_id_and_recipe_name"
"315","","","","","skipped","missing_recipe_id_and_recipe_name"
"316","","","","","skipped","missing_recipe_id_and_recipe_name"
"317","","","","","skipped","missing_recipe_id_and_recipe_name"
"318","","","","","skipped","missing_recipe_id_and_recipe_name"
"319","","","","","skipped","missing_recipe_id_and_recipe_name"
"320","","","","","skipped","missing_recipe_id_and_recipe_name"
"321","","","","","skipped","missing_recipe_id_and_recipe_name"
"322","","","","","skipped","missing_recipe_id_and_recipe_name"
"323","","","","","skipped","missing_recipe_id_and_recipe_name"
"324","","","","","skipped","missing_recipe_id_and_recipe_name"
"325","","","","","skipped","missing_recipe_id_and_recipe_name"
"326","","","","","skipped","missing_recipe_id_and_recipe_name"
"327","","","","","skipped","missing_recipe_id_and_recipe_name"
"328","","","","","skipped","missing_recipe_id_and_recipe_name"
"329","","","","","skipped","missing_recipe_id_and_recipe_name"
"330","","","","","skipped","missing_recipe_id_and_recipe_name"
"331","","","","","skipped","missing_recipe_id_and_recipe_name"
"332","","","","","skipped","missing_recipe_id_and_recipe_name"
"333","","","","","skipped","missing_recipe_id_and_recipe_name"
"334","","","","","skipped","missing_recipe_id_and_recipe_name"
"335","","","","","skipped","missing_recipe_id_and_recipe_name"
"336","","","","","skipped","missing_recipe_id_and_recipe_name"
"337","","","","","skipped","missing_recipe_id_and_recipe_name"
"338","","","","","skipped","missing_recipe_id_and_recipe_name"
"339","","","","","skipped","missing_recipe_id_and_recipe_name"
"340","","","","","skipped","missing_recipe_id_and_recipe_name"
"341","","","","","skipped","missing_recipe_id_and_recipe_name"
"342","","","","","skipped","missing_recipe_id_and_recipe_name"
"343","","","","","skipped","missing_recipe_id_and_recipe_name"
"344","","","","","skipped","missing_recipe_id_and_recipe_name"
"345","","","","","skipped","missing_recipe_id_and_recipe_name"
"346","","","","","skipped","missing_recipe_id_and_recipe_name"
"347","","","","","skipped","missing_recipe_id_and_recipe_name"
"348","","","","","skipped","missing_recipe_id_and_recipe_name"
"349","","","","","skipped","missing_recipe_id_and_recipe_name"
"350","","","","","skipped","missing_recipe_id_and_recipe_name"
"351","","","","","skipped","missing_recipe_id_and_recipe_name"
"352","","","","","skipped","missing_recipe_id_and_recipe_name"
"353","","","","","skipped","missing_recipe_id_and_recipe_name"
"354","","","","","skipped","missing_recipe_id_and_recipe_name"
"355","","","","","skipped","missing_recipe_id_and_recipe_name"
"356","","","","","skipped","missing_recipe_id_and_recipe_name"
"357","","","","","skipped","missing_recipe_id_and_recipe_name"
"358","","","","","skipped","missing_recipe_id_and_recipe_name"
"359","","","","","skipped","missing_recipe_id_and_recipe_name"
"360","","","","","skipped","missing_recipe_id_and_recipe_name"
"361","","","","","skipped","missing_recipe_id_and_recipe_name"
"362","","","","","skipped","missing_recipe_id_and_recipe_name"
"363","","","","","skipped","missing_recipe_id_and_recipe_name"
"364","","","","","skipped","missing_recipe_id_and_recipe_name"
"365","","","","","skipped","missing_recipe_id_and_recipe_name"
"366","","","","","skipped","missing_recipe_id_and_recipe_name"
"367","","","","","skipped","missing_recipe_id_and_recipe_name"
"368","","","","","skipped","missing_recipe_id_and_recipe_name"
"369","","","","","skipped","missing_recipe_id_and_recipe_name"
"370","","","","","skipped","missing_recipe_id_and_recipe_name"
"371","","","","","skipped","missing_recipe_id_and_recipe_name"
"372","","","","","skipped","missing_recipe_id_and_recipe_name"
"373","","","","","skipped","missing_recipe_id_and_recipe_name"
"374","","","","","skipped","missing_recipe_id_and_recipe_name"
"375","","","","","skipped","missing_recipe_id_and_recipe_name"
"376","","","","","skipped","missing_recipe_id_and_recipe_name"
"377","","","","","skipped","missing_recipe_id_and_recipe_name"
"378","","","","","skipped","missing_recipe_id_and_recipe_name"
"379","","","","","skipped","missing_recipe_id_and_recipe_name"
"380","","","","","skipped","missing_recipe_id_and_recipe_name"
"381","","","","","skipped","missing_recipe_id_and_recipe_name"
"382","","","","","skipped","missing_recipe_id_and_recipe_name"
"383","","","","","skipped","missing_recipe_id_and_recipe_name"
"384","","","","","skipped","missing_recipe_id_and_recipe_name"
"385","","","","","skipped","missing_recipe_id_and_recipe_name"
"386","","","","","skipped","missing_recipe_id_and_recipe_name"
"387","","","","","skipped","missing_recipe_id_and_recipe_name"
"388","","","","","skipped","missing_recipe_id_and_recipe_name"
"389","","","","","skipped","missing_recipe_id_and_recipe_name"
"390","","","","","skipped","missing_recipe_id_and_recipe_name"
"391","","","","","skipped","missing_recipe_id_and_recipe_name"
"392","","","","","skipped","missing_recipe_id_and_recipe_name"
"393","","","","","skipped","missing_recipe_id_and_recipe_name"
"394","","","","","skipped","missing_recipe_id_and_recipe_name"
"395","","","","","skipped","missing_recipe_id_and_recipe_name"
"396","","","","","skipped","missing_recipe_id_and_recipe_name"
"397","","","","","skipped","missing_recipe_id_and_recipe_name"
"398","","","","","skipped","missing_recipe_id_and_recipe_name"
"399","","","","","skipped","missing_recipe_id_and_recipe_name"
"400","","","","","skipped","missing_recipe_id_and_recipe_name"
"401","","","","","skipped","missing_recipe_id_and_recipe_name"
"402","","","","","skipped","missing_recipe_id_and_recipe_name"
"403","","","","","skipped","missing_recipe_id_and_recipe_name"
"404","","","","","skipped","missing_recipe_id_and_recipe_name"
"405","","","","","skipped","missing_recipe_id_and_recipe_name"
"406","","","","","skipped","missing_recipe_id_and_recipe_name"
"407","","","","","skipped","missing_recipe_id_and_recipe_name"
"408","","","","","skipped","missing_recipe_id_and_recipe_name"
"409","","","","","skipped","missing_recipe_id_and_recipe_name"
"410","","","","","skipped","missing_recipe_id_and_recipe_name"
"411","","","","","skipped","missing_recipe_id_and_recipe_name"
"412","","","","","skipped","missing_recipe_id_and_recipe_name"
"413","","","","","skipped","missing_recipe_id_and_recipe_name"
"414","","","","","skipped","missing_recipe_id_and_recipe_name"
"415","","","","","skipped","missing_recipe_id_and_recipe_name"
"416","","","","","skipped","missing_recipe_id_and_recipe_name"
"417","","","","","skipped","missing_recipe_id_and_recipe_name"
"418","","","","","skipped","missing_recipe_id_and_recipe_name"
"419","","","","","skipped","missing_recipe_id_and_recipe_name"
"420","","","","","skipped","missing_recipe_id_and_recipe_name"
"421","","","","","skipped","missing_recipe_id_and_recipe_name"
"422","","","","","skipped","missing_recipe_id_and_recipe_name"
"423","","","","","skipped","missing_recipe_id_and_recipe_name"
"424","","","","","skipped","missing_recipe_id_and_recipe_name"
"425","","","","","skipped","missing_recipe_id_and_recipe_name"
"426","","","","","skipped","missing_recipe_id_and_recipe_name"
"427","","","","","skipped","missing_recipe_id_and_recipe_name"
"428","","","","","skipped","missing_recipe_id_and_recipe_name"
"429","","","","","skipped","missing_recipe_id_and_recipe_name"
"430","","","","","skipped","missing_recipe_id_and_recipe_name"
"431","","","","","skipped","missing_recipe_id_and_recipe_name"
"432","","","","","skipped","missing_recipe_id_and_recipe_name"
"433","","","","","skipped","missing_recipe_id_and_recipe_name"
"434","","","","","skipped","missing_recipe_id_and_recipe_name"
"435","","","","","skipped","missing_recipe_id_and_recipe_name"
"436","","","","","skipped","missing_recipe_id_and_recipe_name"
"437","","","","","skipped","missing_recipe_id_and_recipe_name"
"438","","","","","skipped","missing_recipe_id_and_recipe_name"
"439","","","","","skipped","missing_recipe_id_and_recipe_name"
"440","","","","","skipped","missing_recipe_id_and_recipe_name"
"441","","","","","skipped","missing_recipe_id_and_recipe_name"
"442","","","","","skipped","missing_recipe_id_and_recipe_name"
"443","","","","","skipped","missing_recipe_id_and_recipe_name"
"444","","","","","skipped","missing_recipe_id_and_recipe_name"
"445","","","","","skipped","missing_recipe_id_and_recipe_name"
"446","","","","","skipped","missing_recipe_id_and_recipe_name"
"447","","","","","skipped","missing_recipe_id_and_recipe_name"
"448","","","","","skipped","missing_recipe_id_and_recipe_name"
"449","","","","","skipped","missing_recipe_id_and_recipe_name"
"450","","","","","skipped","missing_recipe_id_and_recipe_name"
"451","","","","","skipped","missing_recipe_id_and_recipe_name"
"452","","","","","skipped","missing_recipe_id_and_recipe_name"
"453","","","","","skipped","missing_recipe_id_and_recipe_name"
"454","","","","","skipped","missing_recipe_id_and_recipe_name"
"455","","","","","skipped","missing_recipe_id_and_recipe_name"
"456","","","","","skipped","missing_recipe_id_and_recipe_name"
"457","","","","","skipped","missing_recipe_id_and_recipe_name"
"458","","","","","skipped","missing_recipe_id_and_recipe_name"
"459","","","","","skipped","missing_recipe_id_and_recipe_name"
"460","","","","","skipped","missing_recipe_id_and_recipe_name"
"461","","","","","skipped","missing_recipe_id_and_recipe_name"
"462","","","","","skipped","missing_recipe_id_and_recipe_name"
"463","","","","","skipped","missing_recipe_id_and_recipe_name"
"464","","","","","skipped","missing_recipe_id_and_recipe_name"
"465","","","","","skipped","missing_recipe_id_and_recipe_name"
"466","","","","","skipped","missing_recipe_id_and_recipe_name"
"467","","","","","skipped","missing_recipe_id_and_recipe_name"
"468","","","","","skipped","missing_recipe_id_and_recipe_name"
"469","","","","","skipped","missing_recipe_id_and_recipe_name"
"470","","","","","skipped","missing_recipe_id_and_recipe_name"
"471","","","","","skipped","missing_recipe_id_and_recipe_name"
"472","","","","","skipped","missing_recipe_id_and_recipe_name"
"473","","","","","skipped","missing_recipe_id_and_recipe_name"
"474","","","","","skipped","missing_recipe_id_and_recipe_name"
"475","","","","","skipped","missing_recipe_id_and_recipe_name"
"476","","","","","skipped","missing_recipe_id_and_recipe_name"
"477","","","","","skipped","missing_recipe_id_and_recipe_name"
"478","","","","","skipped","missing_recipe_id_and_recipe_name"
"479","","","","","skipped","missing_recipe_id_and_recipe_name"
"480","","","","","skipped","missing_recipe_id_and_recipe_name"
"481","","","","","skipped","missing_recipe_id_and_recipe_name"
"482","","","","","skipped","missing_recipe_id_and_recipe_name"
"483","","","","","skipped","missing_recipe_id_and_recipe_name"
"484","","","","","skipped","missing_recipe_id_and_recipe_name"
"485","","","","","skipped","missing_recipe_id_and_recipe_name"
"486","","","","","skipped","missing_recipe_id_and_recipe_name"
"487","","","","","skipped","missing_recipe_id_and_recipe_name"
"488","","","","","skipped","missing_recipe_id_and_recipe_name"
"489","","","","","skipped","missing_recipe_id_and_recipe_name"
"490","","","","","skipped","missing_recipe_id_and_recipe_name"
"491","","","","","skipped","missing_recipe_id_and_recipe_name"
"492","","","","","skipped","missing_recipe_id_and_recipe_name"
"493","","","","","skipped","missing_recipe_id_and_recipe_name"
"494","","","","","skipped","missing_recipe_id_and_recipe_name"
"495","","","","","skipped","missing_recipe_id_and_recipe_name"
"496","","","","","skipped","missing_recipe_id_and_recipe_name"
"497","","","","","skipped","missing_recipe_id_and_recipe_name"
"498","","","","","skipped","missing_recipe_id_and_recipe_name"
"499","","","","","skipped","missing_recipe_id_and_recipe_name"
"500","","","","","skipped","missing_recipe_id_and_recipe_name"
"501","","","","","skipped","missing_recipe_id_and_recipe_name"
"502","","","","","skipped","missing_recipe_id_and_recipe_name"
"503","","","","","skipped","missing_recipe_id_and_recipe_name"
"504","","","","","skipped","missing_recipe_id_and_recipe_name"
"505","","","","","skipped","missing_recipe_id_and_recipe_name"
"506","","","","","skipped","missing_recipe_id_and_recipe_name"
"507","","","","","skipped","missing_recipe_id_and_recipe_name"
"508","","","","","skipped","missing_recipe_id_and_recipe_name"
"509","","","","","skipped","missing_recipe_id_and_recipe_name"
"510","","","","","skipped","missing_recipe_id_and_recipe_name"
"511","","","","","skipped","missing_recipe_id_and_recipe_name"
"512","","","","","skipped","missing_recipe_id_and_recipe_name"
"513","","","","","skipped","missing_recipe_id_and_recipe_name"
"514","","","","","skipped","missing_recipe_id_and_recipe_name"
"515","","","","","skipped","missing_recipe_id_and_recipe_name"
"516","","","","","skipped","missing_recipe_id_and_recipe_name"
"517","","","","","skipped","missing_recipe_id_and_recipe_name"
"518","","","","","skipped","missing_recipe_id_and_recipe_name"
"519","","","","","skipped","missing_recipe_id_and_recipe_name"
"520","","","","","skipped","missing_recipe_id_and_recipe_name"
"521","","","","","skipped","missing_recipe_id_and_recipe_name"
"522","","","","","skipped","missing_recipe_id_and_recipe_name"
"523","","","","","skipped","missing_recipe_id_and_recipe_name"
"524","","","","","skipped","missing_recipe_id_and_recipe_name"
"525","","","","","skipped","missing_recipe_id_and_recipe_name"
"526","","","","","skipped","missing_recipe_id_and_recipe_name"
"527","","","","","skipped","missing_recipe_id_and_recipe_name"
"528","","","","","skipped","missing_recipe_id_and_recipe_name"
"529","","","","","skipped","missing_recipe_id_and_recipe_name"
"530","","","","","skipped","missing_recipe_id_and_recipe_name"
"531","","","","","skipped","missing_recipe_id_and_recipe_name"
"532","","","","","skipped","missing_recipe_id_and_recipe_name"
"533","","","","","skipped","missing_recipe_id_and_recipe_name"
"534","","","","","skipped","missing_recipe_id_and_recipe_name"
"535","","","","","skipped","missing_recipe_id_and_recipe_name"
"536","","","","","skipped","missing_recipe_id_and_recipe_name"
"537","","","","","skipped","missing_recipe_id_and_recipe_name"
"538","","","","","skipped","missing_recipe_id_and_recipe_name"
"539","","","","","skipped","missing_recipe_id_and_recipe_name"
"540","","","","","skipped","missing_recipe_id_and_recipe_name"
"541","","","","","skipped","missing_recipe_id_and_recipe_name"
"542","","","","","skipped","missing_recipe_id_and_recipe_name"
"543","","","","","skipped","missing_recipe_id_and_recipe_name"
"544","","","","","skipped","missing_recipe_id_and_recipe_name"
"545","","","","","skipped","missing_recipe_id_and_recipe_name"
"546","","","","","skipped","missing_recipe_id_and_recipe_name"
"547","","","","","skipped","missing_recipe_id_and_recipe_name"
"548","","","","","skipped","missing_recipe_id_and_recipe_name"
"549","","","","","skipped","missing_recipe_id_and_recipe_name"
"550","","","","","skipped","missing_recipe_id_and_recipe_name"
"551","","","","","skipped","missing_recipe_id_and_recipe_name"
"552","","","","","skipped","missing_recipe_id_and_recipe_name"
"553","","","","","skipped","missing_recipe_id_and_recipe_name"
"554","","","","","skipped","missing_recipe_id_and_recipe_name"
"555","","","","","skipped","missing_recipe_id_and_recipe_name"
"556","","","","","skipped","missing_recipe_id_and_recipe_name"
"557","","","","","skipped","missing_recipe_id_and_recipe_name"
"558","","","","","skipped","missing_recipe_id_and_recipe_name"
"559","","","","","skipped","missing_recipe_id_and_recipe_name"
"560","","","","","skipped","missing_recipe_id_and_recipe_name"
"561","","","","","skipped","missing_recipe_id_and_recipe_name"
"562","","","","","skipped","missing_recipe_id_and_recipe_name"
"563","","","","","skipped","missing_recipe_id_and_recipe_name"
"564","","","","","skipped","missing_recipe_id_and_recipe_name"
"565","","","","","skipped","missing_recipe_id_and_recipe_name"
"566","","","","","skipped","missing_recipe_id_and_recipe_name"
"567","","","","","skipped","missing_recipe_id_and_recipe_name"
"568","","","","","skipped","missing_recipe_id_and_recipe_name"
"569","","","","","skipped","missing_recipe_id_and_recipe_name"
"570","","","","","skipped","missing_recipe_id_and_recipe_name"
"571","","","","","skipped","missing_recipe_id_and_recipe_name"
"572","","","","","skipped","missing_recipe_id_and_recipe_name"
"573","","","","","skipped","missing_recipe_id_and_recipe_name"
"574","","","","","skipped","missing_recipe_id_and_recipe_name"
"575","","","","","skipped","missing_recipe_id_and_recipe_name"
"576","","","","","skipped","missing_recipe_id_and_recipe_name"
"577","","","","","skipped","missing_recipe_id_and_recipe_name"
"578","","","","","skipped","missing_recipe_id_and_recipe_name"
"579","","","","","skipped","missing_recipe_id_and_recipe_name"
"580","","","","","skipped","missing_recipe_id_and_recipe_name"
"581","","","","","skipped","missing_recipe_id_and_recipe_name"
"582","","","","","skipped","missing_recipe_id_and_recipe_name"
"583","","","","","skipped","missing_recipe_id_and_recipe_name"
"584","","","","","skipped","missing_recipe_id_and_recipe_name"
"585","","","","","skipped","missing_recipe_id_and_recipe_name"
"586","","","","","skipped","missing_recipe_id_and_recipe_name"
"587","","","","","skipped","missing_recipe_id_and_recipe_name"
"588","","","","","skipped","missing_recipe_id_and_recipe_name"
"589","","","","","skipped","missing_recipe_id_and_recipe_name"
"590","","","","","skipped","missing_recipe_id_and_recipe_name"
"591","","","","","skipped","missing_recipe_id_and_recipe_name"
"592","","","","","skipped","missing_recipe_id_and_recipe_name"
"593","","","","","skipped","missing_recipe_id_and_recipe_name"
"594","","","","","skipped","missing_recipe_id_and_recipe_name"
"595","","","","","skipped","missing_recipe_id_and_recipe_name"
"596","","","","","skipped","missing_recipe_id_and_recipe_name"
"597","","","","","skipped","missing_recipe_id_and_recipe_name"
"598","","","","","skipped","missing_recipe_id_and_recipe_name"
"599","","","","","skipped","missing_recipe_id_and_recipe_name"
"600","","","","","skipped","missing_recipe_id_and_recipe_name"
"601","","","","","skipped","missing_recipe_id_and_recipe_name"
"602","","","","","skipped","missing_recipe_id_and_recipe_name"
"603","","","","","skipped","missing_recipe_id_and_recipe_name"
"604","","","","","skipped","missing_recipe_id_and_recipe_name"
"605","","","","","skipped","missing_recipe_id_and_recipe_name"
"606","","","","","skipped","missing_recipe_id_and_recipe_name"
"607","","","","","skipped","missing_recipe_id_and_recipe_name"
"608","","","","","skipped","missing_recipe_id_and_recipe_name"
"609","","","","","skipped","missing_recipe_id_and_recipe_name"
"610","","","","","skipped","missing_recipe_id_and_recipe_name"
"611","","","","","skipped","missing_recipe_id_and_recipe_name"
"612","","","","","skipped","missing_recipe_id_and_recipe_name"
"613","","","","","skipped","missing_recipe_id_and_recipe_name"
"614","","","","","skipped","missing_recipe_id_and_recipe_name"
"615","","","","","skipped","missing_recipe_id_and_recipe_name"
"616","","","","","skipped","missing_recipe_id_and_recipe_name"
"617","","","","","skipped","missing_recipe_id_and_recipe_name"
"618","","","","","skipped","missing_recipe_id_and_recipe_name"
"619","","","","","skipped","missing_recipe_id_and_recipe_name"
"620","","","","","skipped","missing_recipe_id_and_recipe_name"
"621","","","","","skipped","missing_recipe_id_and_recipe_name"
"622","","","","","skipped","missing_recipe_id_and_recipe_name"
"623","","","","","skipped","missing_recipe_id_and_recipe_name"
"624","","","","","skipped","missing_recipe_id_and_recipe_name"
"625","","","","","skipped","missing_recipe_id_and_recipe_name"
"626","","","","","skipped","missing_recipe_id_and_recipe_name"
"627","","","","","skipped","missing_recipe_id_and_recipe_name"
"628","","","","","skipped","missing_recipe_id_and_recipe_name"
"629","","","","","skipped","missing_recipe_id_and_recipe_name"
"630","","","","","skipped","missing_recipe_id_and_recipe_name"
"631","","","","","skipped","missing_recipe_id_and_recipe_name"
"632","","","","","skipped","missing_recipe_id_and_recipe_name"
"633","","","","","skipped","missing_recipe_id_and_recipe_name"
"634","","","","","skipped","missing_recipe_id_and_recipe_name"
"635","","","","","skipped","missing_recipe_id_and_recipe_name"
"636","","","","","skipped","missing_recipe_id_and_recipe_name"
"637","","","","","skipped","missing_recipe_id_and_recipe_name"
"638","","","","","skipped","missing_recipe_id_and_recipe_name"
"639","","","","","skipped","missing_recipe_id_and_recipe_name"
"640","","","","","skipped","missing_recipe_id_and_recipe_name"
"641","","","","","skipped","missing_recipe_id_and_recipe_name"
"642","","","","","skipped","missing_recipe_id_and_recipe_name"
"643","","","","","skipped","missing_recipe_id_and_recipe_name"
"644","","","","","skipped","missing_recipe_id_and_recipe_name"
"645","","","","","skipped","missing_recipe_id_and_recipe_name"
"646","","","","","skipped","missing_recipe_id_and_recipe_name"
"647","","","","","skipped","missing_recipe_id_and_recipe_name"
"648","","","","","skipped","missing_recipe_id_and_recipe_name"
"649","","","","","skipped","missing_recipe_id_and_recipe_name"
"650","","","","","skipped","missing_recipe_id_and_recipe_name"
"651","","","","","skipped","missing_recipe_id_and_recipe_name"
"652","","","","","skipped","missing_recipe_id_and_recipe_name"
"653","","","","","skipped","missing_recipe_id_and_recipe_name"
"654","","","","","skipped","missing_recipe_id_and_recipe_name"
"655","","","","","skipped","missing_recipe_id_and_recipe_name"
"656","","","","","skipped","missing_recipe_id_and_recipe_name"
"657","","","","","skipped","missing_recipe_id_and_recipe_name"
"658","","","","","skipped","missing_recipe_id_and_recipe_name"
"659","","","","","skipped","missing_recipe_id_and_recipe_name"
"660","","","","","skipped","missing_recipe_id_and_recipe_name"
"661","","","","","skipped","missing_recipe_id_and_recipe_name"
"662","","","","","skipped","missing_recipe_id_and_recipe_name"
"663","","","","","skipped","missing_recipe_id_and_recipe_name"
"664","","","","","skipped","missing_recipe_id_and_recipe_name"
"665","","","","","skipped","missing_recipe_id_and_recipe_name"
"666","","","","","skipped","missing_recipe_id_and_recipe_name"
"667","","","","","skipped","missing_recipe_id_and_recipe_name"
"668","","","","","skipped","missing_recipe_id_and_recipe_name"
"669","","","","","skipped","missing_recipe_id_and_recipe_name"
"670","","","","","skipped","missing_recipe_id_and_recipe_name"
"671","","","","","skipped","missing_recipe_id_and_recipe_name"
"672","","","","","skipped","missing_recipe_id_and_recipe_name"
"673","","","","","skipped","missing_recipe_id_and_recipe_name"
"674","","","","","skipped","missing_recipe_id_and_recipe_name"
"675","","","","","skipped","missing_recipe_id_and_recipe_name"
"676","","","","","skipped","missing_recipe_id_and_recipe_name"
"677","","","","","skipped","missing_recipe_id_and_recipe_name"
"678","","","","","skipped","missing_recipe_id_and_recipe_name"
"679","","","","","skipped","missing_recipe_id_and_recipe_name"
"680","","","","","skipped","missing_recipe_id_and_recipe_name"
"681","","","","","skipped","missing_recipe_id_and_recipe_name"
"682","","","","","skipped","missing_recipe_id_and_recipe_name"
"683","","","","","skipped","missing_recipe_id_and_recipe_name"
"684","","","","","skipped","missing_recipe_id_and_recipe_name"
"685","","","","","skipped","missing_recipe_id_and_recipe_name"
"686","","","","","skipped","missing_recipe_id_and_recipe_name"
"687","","","","","skipped","missing_recipe_id_and_recipe_name"
"688","","","","","skipped","missing_recipe_id_and_recipe_name"
"689","","","","","skipped","missing_recipe_id_and_recipe_name"
"690","","","","","skipped","missing_recipe_id_and_recipe_name"
"691","","","","","skipped","missing_recipe_id_and_recipe_name"
"692","","","","","skipped","missing_recipe_id_and_recipe_name"
"693","","","","","skipped","missing_recipe_id_and_recipe_name"
"694","","","","","skipped","missing_recipe_id_and_recipe_name"
"695","","","","","skipped","missing_recipe_id_and_recipe_name"
"696","","","","","skipped","missing_recipe_id_and_recipe_name"
"697","","","","","skipped","missing_recipe_id_and_recipe_name"
"698","","","","","skipped","missing_recipe_id_and_recipe_name"
"699","","","","","skipped","missing_recipe_id_and_recipe_name"
"700","","","","","skipped","missing_recipe_id_and_recipe_name"
"701","","","","","skipped","missing_recipe_id_and_recipe_name"
"702","","","","","skipped","missing_recipe_id_and_recipe_name"
"703","","","","","skipped","missing_recipe_id_and_recipe_name"
"704","","","","","skipped","missing_recipe_id_and_recipe_name"
"705","","","","","skipped","missing_recipe_id_and_recipe_name"
"706","","","","","skipped","missing_recipe_id_and_recipe_name"
"707","","","","","skipped","missing_recipe_id_and_recipe_name"
"708","","","","","skipped","missing_recipe_id_and_recipe_name"
"709","","","","","skipped","missing_recipe_id_and_recipe_name"
"710","","","","","skipped","missing_recipe_id_and_recipe_name"
"711","","","","","skipped","missing_recipe_id_and_recipe_name"
"712","","","","","skipped","missing_recipe_id_and_recipe_name"
"713","","","","","skipped","missing_recipe_id_and_recipe_name"
"714","","","","","skipped","missing_recipe_id_and_recipe_name"
"715","","","","","skipped","missing_recipe_id_and_recipe_name"
"716","","","","","skipped","missing_recipe_id_and_recipe_name"
"717","","","","","skipped","missing_recipe_id_and_recipe_name"
"718","","","","","skipped","missing_recipe_id_and_recipe_name"
"719","","","","","skipped","missing_recipe_id_and_recipe_name"
"720","","","","","skipped","missing_recipe_id_and_recipe_name"
"721","","","","","skipped","missing_recipe_id_and_recipe_name"
"722","","","","","skipped","missing_recipe_id_and_recipe_name"
"723","","","","","skipped","missing_recipe_id_and_recipe_name"
"724","","","","","skipped","missing_recipe_id_and_recipe_name"
"725","","","","","skipped","missing_recipe_id_and_recipe_name"
"726","","","","","skipped","missing_recipe_id_and_recipe_name"
"727","","","","","skipped","missing_recipe_id_and_recipe_name"
"728","","","","","skipped","missing_recipe_id_and_recipe_name"
"729","","","","","skipped","missing_recipe_id_and_recipe_name"
"730","","","","","skipped","missing_recipe_id_and_recipe_name"
"731","","","","","skipped","missing_recipe_id_and_recipe_name"
"732","","","","","skipped","missing_recipe_id_and_recipe_name"
"733","","","","","skipped","missing_recipe_id_and_recipe_name"
"734","","","","","skipped","missing_recipe_id_and_recipe_name"
"735","","","","","skipped","missing_recipe_id_and_recipe_name"
"736","","","","","skipped","missing_recipe_id_and_recipe_name"
"737","","","","","skipped","missing_recipe_id_and_recipe_name"
"738","","","","","skipped","missing_recipe_id_and_recipe_name"
"739","","","","","skipped","missing_recipe_id_and_recipe_name"
"740","","","","","skipped","missing_recipe_id_and_recipe_name"
"741","","","","","skipped","missing_recipe_id_and_recipe_name"
"742","","","","","skipped","missing_recipe_id_and_recipe_name"
"743","","","","","skipped","missing_recipe_id_and_recipe_name"
"744","","","","","skipped","missing_recipe_id_and_recipe_name"
"745","","","","","skipped","missing_recipe_id_and_recipe_name"
"746","","","","","skipped","missing_recipe_id_and_recipe_name"
"747","","","","","skipped","missing_recipe_id_and_recipe_name"
"748","","","","","skipped","missing_recipe_id_and_recipe_name"
"749","","","","","skipped","missing_recipe_id_and_recipe_name"
"750","","","","","skipped","missing_recipe_id_and_recipe_name"
"751","","","","","skipped","missing_recipe_id_and_recipe_name"
"752","","","","","skipped","missing_recipe_id_and_recipe_name"
"753","","","","","skipped","missing_recipe_id_and_recipe_name"
"754","","","","","skipped","missing_recipe_id_and_recipe_name"
"755","","","","","skipped","missing_recipe_id_and_recipe_name"
"756","","","","","skipped","missing_recipe_id_and_recipe_name"
"757","","","","","skipped","missing_recipe_id_and_recipe_name"
"758","","","","","skipped","missing_recipe_id_and_recipe_name"
"759","","","","","skipped","missing_recipe_id_and_recipe_name"
"760","","","","","skipped","missing_recipe_id_and_recipe_name"
"761","","","","","skipped","missing_recipe_id_and_recipe_name"
"762","","","","","skipped","missing_recipe_id_and_recipe_name"
"763","","","","","skipped","missing_recipe_id_and_recipe_name"
"764","","","","","skipped","missing_recipe_id_and_recipe_name"
"765","","","","","skipped","missing_recipe_id_and_recipe_name"
"766","","","","","skipped","missing_recipe_id_and_recipe_name"
"767","","","","","skipped","missing_recipe_id_and_recipe_name"
"768","","","","","skipped","missing_recipe_id_and_recipe_name"
"769","","","","","skipped","missing_recipe_id_and_recipe_name"
"770","","","","","skipped","missing_recipe_id_and_recipe_name"
"771","","","","","skipped","missing_recipe_id_and_recipe_name"
"772","","","","","skipped","missing_recipe_id_and_recipe_name"
"773","","","","","skipped","missing_recipe_id_and_recipe_name"
"774","","","","","skipped","missing_recipe_id_and_recipe_name"
"775","","","","","skipped","missing_recipe_id_and_recipe_name"
"776","","","","","skipped","missing_recipe_id_and_recipe_name"
"777","","","","","skipped","missing_recipe_id_and_recipe_name"
"778","","","","","skipped","missing_recipe_id_and_recipe_name"
"779","","","","","skipped","missing_recipe_id_and_recipe_name"
"780","","","","","skipped","missing_recipe_id_and_recipe_name"
"781","","","","","skipped","missing_recipe_id_and_recipe_name"
"782","","","","","skipped","missing_recipe_id_and_recipe_name"
"783","","","","","skipped","missing_recipe_id_and_recipe_name"
"784","","","","","skipped","missing_recipe_id_and_recipe_name"
"785","","","","","skipped","missing_recipe_id_and_recipe_name"
"786","","","","","skipped","missing_recipe_id_and_recipe_name"
"787","","","","","skipped","missing_recipe_id_and_recipe_name"
"788","","","","","skipped","missing_recipe_id_and_recipe_name"
"789","","","","","skipped","missing_recipe_id_and_recipe_name"
"790","","","","","skipped","missing_recipe_id_and_recipe_name"
"791","","","","","skipped","missing_recipe_id_and_recipe_name"
"792","","","","","skipped","missing_recipe_id_and_recipe_name"
"793","","","","","skipped","missing_recipe_id_and_recipe_name"
"794","","","","","skipped","missing_recipe_id_and_recipe_name"
"795","","","","","skipped","missing_recipe_id_and_recipe_name"
"796","","","","","skipped","missing_recipe_id_and_recipe_name"
"797","","","","","skipped","missing_recipe_id_and_recipe_name"
"798","","","","","skipped","missing_recipe_id_and_recipe_name"
"799","","","","","skipped","missing_recipe_id_and_recipe_name"
"800","","","","","skipped","missing_recipe_id_and_recipe_name"
"801","","","","","skipped","missing_recipe_id_and_recipe_name"
"802","","","","","skipped","missing_recipe_id_and_recipe_name"
"803","","","","","skipped","missing_recipe_id_and_recipe_name"
"804","","","","","skipped","missing_recipe_id_and_recipe_name"
"805","","","","","skipped","missing_recipe_id_and_recipe_name"
"806","","","","","skipped","missing_recipe_id_and_recipe_name"
"807","","","","","skipped","missing_recipe_id_and_recipe_name"
"808","","","","","skipped","missing_recipe_id_and_recipe_name"
"809","","","","","skipped","missing_recipe_id_and_recipe_name"
"810","","","","","skipped","missing_recipe_id_and_recipe_name"
"811","","","","","skipped","missing_recipe_id_and_recipe_name"
"812","","","","","skipped","missing_recipe_id_and_recipe_name"
"813","","","","","skipped","missing_recipe_id_and_recipe_name"
"814","","","","","skipped","missing_recipe_id_and_recipe_name"
"815","","","","","skipped","missing_recipe_id_and_recipe_name"
"816","","","","","skipped","missing_recipe_id_and_recipe_name"
"817","","","","","skipped","missing_recipe_id_and_recipe_name"
"818","","","","","skipped","missing_recipe_id_and_recipe_name"
"819","","","","","skipped","missing_recipe_id_and_recipe_name"
"820","","","","","skipped","missing_recipe_id_and_recipe_name"
"821","","","","","skipped","missing_recipe_id_and_recipe_name"
"822","","","","","skipped","missing_recipe_id_and_recipe_name"
"823","","","","","skipped","missing_recipe_id_and_recipe_name"
"824","","","","","skipped","missing_recipe_id_and_recipe_name"
"825","","","","","skipped","missing_recipe_id_and_recipe_name"
"826","","","","","skipped","missing_recipe_id_and_recipe_name"
"827","","","","","skipped","missing_recipe_id_and_recipe_name"
"828","","","","","skipped","missing_recipe_id_and_recipe_name"
"829","","","","","skipped","missing_recipe_id_and_recipe_name"
"830","","","","","skipped","missing_recipe_id_and_recipe_name"
"831","","","","","skipped","missing_recipe_id_and_recipe_name"
"832","","","","","skipped","missing_recipe_id_and_recipe_name"
"833","","","","","skipped","missing_recipe_id_and_recipe_name"
"834","","","","","skipped","missing_recipe_id_and_recipe_name"
"835","","","","","skipped","missing_recipe_id_and_recipe_name"
"836","","","","","skipped","missing_recipe_id_and_recipe_name"
"837","","","","","skipped","missing_recipe_id_and_recipe_name"
"838","","","","","skipped","missing_recipe_id_and_recipe_name"
"839","","","","","skipped","missing_recipe_id_and_recipe_name"
"840","","","","","skipped","missing_recipe_id_and_recipe_name"
"841","","","","","skipped","missing_recipe_id_and_recipe_name"
"842","","","","","skipped","missing_recipe_id_and_recipe_name"
"843","","","","","skipped","missing_recipe_id_and_recipe_name"
"844","","","","","skipped","missing_recipe_id_and_recipe_name"
"845","","","","","skipped","missing_recipe_id_and_recipe_name"
"846","","","","","skipped","missing_recipe_id_and_recipe_name"
"847","","","","","skipped","missing_recipe_id_and_recipe_name"
"848","","","","","skipped","missing_recipe_id_and_recipe_name"
"849","","","","","skipped","missing_recipe_id_and_recipe_name"
"850","","","","","skipped","missing_recipe_id_and_recipe_name"
"851","","","","","skipped","missing_recipe_id_and_recipe_name"
"852","","","","","skipped","missing_recipe_id_and_recipe_name"
"853","","","","","skipped","missing_recipe_id_and_recipe_name"
"854","","","","","skipped","missing_recipe_id_and_recipe_name"
"855","","","","","skipped","missing_recipe_id_and_recipe_name"
"856","","","","","skipped","missing_recipe_id_and_recipe_name"
"857","","","","","skipped","missing_recipe_id_and_recipe_name"
"858","","","","","skipped","missing_recipe_id_and_recipe_name"
"859","","","","","skipped","missing_recipe_id_and_recipe_name"
"860","","","","","skipped","missing_recipe_id_and_recipe_name"
"861","","","","","skipped","missing_recipe_id_and_recipe_name"
"862","","","","","skipped","missing_recipe_id_and_recipe_name"
"863","","","","","skipped","missing_recipe_id_and_recipe_name"
"864","","","","","skipped","missing_recipe_id_and_recipe_name"
"865","","","","","skipped","missing_recipe_id_and_recipe_name"
"866","","","","","skipped","missing_recipe_id_and_recipe_name"
"867","","","","","skipped","missing_recipe_id_and_recipe_name"
"868","","","","","skipped","missing_recipe_id_and_recipe_name"
"869","","","","","skipped","missing_recipe_id_and_recipe_name"
"870","","","","","skipped","missing_recipe_id_and_recipe_name"
"871","","","","","skipped","missing_recipe_id_and_recipe_name"
"872","","","","","skipped","missing_recipe_id_and_recipe_name"
"873","","","","","skipped","missing_recipe_id_and_recipe_name"
"874","","","","","skipped","missing_recipe_id_and_recipe_name"
"875","","","","","skipped","missing_recipe_id_and_recipe_name"
"876","","","","","skipped","missing_recipe_id_and_recipe_name"
"877","","","","","skipped","missing_recipe_id_and_recipe_name"
"878","","","","","skipped","missing_recipe_id_and_recipe_name"
"879","","","","","skipped","missing_recipe_id_and_recipe_name"
"880","","","","","skipped","missing_recipe_id_and_recipe_name"
"881","","","","","skipped","missing_recipe_id_and_recipe_name"
"882","","","","","skipped","missing_recipe_id_and_recipe_name"
"883","","","","","skipped","missing_recipe_id_and_recipe_name"
"884","","","","","skipped","missing_recipe_id_and_recipe_name"
"885","","","","","skipped","missing_recipe_id_and_recipe_name"
"886","","","","","skipped","missing_recipe_id_and_recipe_name"
"887","","","","","skipped","missing_recipe_id_and_recipe_name"
"888","","","","","skipped","missing_recipe_id_and_recipe_name"
"889","","","","","skipped","missing_recipe_id_and_recipe_name"
"890","","","","","skipped","missing_recipe_id_and_recipe_name"
"891","","","","","skipped","missing_recipe_id_and_recipe_name"
"892","","","","","skipped","missing_recipe_id_and_recipe_name"
"893","","","","","skipped","missing_recipe_id_and_recipe_name"
"894","","","","","skipped","missing_recipe_id_and_recipe_name"
"895","","","","","skipped","missing_recipe_id_and_recipe_name"
"896","","","","","skipped","missing_recipe_id_and_recipe_name"
"897","","","","","skipped","missing_recipe_id_and_recipe_name"
"898","","","","","skipped","missing_recipe_id_and_recipe_name"
"899","","","","","skipped","missing_recipe_id_and_recipe_name"
"900","","","","","skipped","missing_recipe_id_and_recipe_name"
"901","","","","","skipped","missing_recipe_id_and_recipe_name"
"902","","","","","skipped","missing_recipe_id_and_recipe_name"
"903","","","","","skipped","missing_recipe_id_and_recipe_name"
"904","","","","","skipped","missing_recipe_id_and_recipe_name"
"905","","","","","skipped","missing_recipe_id_and_recipe_name"
"906","","","","","skipped","missing_recipe_id_and_recipe_name"
"907","","","","","skipped","missing_recipe_id_and_recipe_name"
"908","","","","","skipped","missing_recipe_id_and_recipe_name"
"909","","","","","skipped","missing_recipe_id_and_recipe_name"
"910","","","","","skipped","missing_recipe_id_and_recipe_name"
"911","","","","","skipped","missing_recipe_id_and_recipe_name"
"912","","","","","skipped","missing_recipe_id_and_recipe_name"
"913","","","","","skipped","missing_recipe_id_and_recipe_name"
"914","","","","","skipped","missing_recipe_id_and_recipe_name"
"915","","","","","skipped","missing_recipe_id_and_recipe_name"
"916","","","","","skipped","missing_recipe_id_and_recipe_name"
"917","","","","","skipped","missing_recipe_id_and_recipe_name"
"918","","","","","skipped","missing_recipe_id_and_recipe_name"
"919","","","","","skipped","missing_recipe_id_and_recipe_name"
"920","","","","","skipped","missing_recipe_id_and_recipe_name"
"921","","","","","skipped","missing_recipe_id_and_recipe_name"
"922","","","","","skipped","missing_recipe_id_and_recipe_name"
"923","","","","","skipped","missing_recipe_id_and_recipe_name"
"924","","","","","skipped","missing_recipe_id_and_recipe_name"
"925","","","","","skipped","missing_recipe_id_and_recipe_name"
"926","","","","","skipped","missing_recipe_id_and_recipe_name"
"927","","","","","skipped","missing_recipe_id_and_recipe_name"
"928","","","","","skipped","missing_recipe_id_and_recipe_name"
"929","","","","","skipped","missing_recipe_id_and_recipe_name"
"930","","","","","skipped","missing_recipe_id_and_recipe_name"
"931","","","","","skipped","missing_recipe_id_and_recipe_name"
"932","","","","","skipped","missing_recipe_id_and_recipe_name"
"933","","","","","skipped","missing_recipe_id_and_recipe_name"
"934","","","","","skipped","missing_recipe_id_and_recipe_name"
"935","","","","","skipped","missing_recipe_id_and_recipe_name"
"936","","","","","skipped","missing_recipe_id_and_recipe_name"
"937","","","","","skipped","missing_recipe_id_and_recipe_name"
"938","","","","","skipped","missing_recipe_id_and_recipe_name"
"939","","","","","skipped","missing_recipe_id_and_recipe_name"
"940","","","","","skipped","missing_recipe_id_and_recipe_name"
"941","","","","","skipped","missing_recipe_id_and_recipe_name"
"942","","","","","skipped","missing_recipe_id_and_recipe_name"
"943","","","","","skipped","missing_recipe_id_and_recipe_name"
"944","","","","","skipped","missing_recipe_id_and_recipe_name"
"945","","","","","skipped","missing_recipe_id_and_recipe_name"
"946","","","","","skipped","missing_recipe_id_and_recipe_name"
"947","","","","","skipped","missing_recipe_id_and_recipe_name"
"948","","","","","skipped","missing_recipe_id_and_recipe_name"
"949","","","","","skipped","missing_recipe_id_and_recipe_name"
"950","","","","","skipped","missing_recipe_id_and_recipe_name"
"951","","","","","skipped","missing_recipe_id_and_recipe_name"
"952","","","","","skipped","missing_recipe_id_and_recipe_name"